'3','Alienware 13'
'0','6268','1319','Main lights'
'1','0','0','Keyboard right'
'1','1','0','Keyboard center-right'
'1','10','2','WiFi LED'
'1','2','0','Keyboard center-left'
'1','3','0','Keyboard left'
'1','5','0','Front logo'
'1','6','0','Screen logo'
'1','7','2','Caps LED'
'1','8','1','Power'
'1','9','2','HDD LED'
'3','Alienware m15R1'
'2','0','40','7','Keyboard'
'2','1','3','3','Tron'
'0','6268','1360','Main lights'
'1','0','0','Alienhead','1','1'
'1','1','1','Power Button','0','19','0','20'
'1','2','0','KB Left','0','40','0','41','0','42','0','43','0','44','0','45','0','46','0','47','0','48','0','49','0','50','0','51','0','80','0','81','0','82','0','83','0','84','0','85','0','86','0','87','0','88','0','89','0','90','0','120','0','121','0','122','0','123','0','124','0','125','0','126','0','127','0','128','0','129','0','160','0','161','0','162','0','163','0','164','0','165','0','166','0','167','0','168','0','169','0','170','0','200','0','201','0','202','0','203','0','204','0','205','0','206','0','207','0','208','0','240','0','241','0','242','0','243','0','244','0','245','0','246','0','247','0','248'
'1','3','0','KB Center-Left','0','52','0','53','0','54','0','55','0','56','0','57','0','58','0','59','0','60','0','61','0','91','0','92','0','93','0','94','0','95','0','96','0','97','0','98','0','99','0','100','0','101','0','130','0','131','0','132','0','133','0','134','0','135','0','136','0','137','0','138','0','139','0','140','0','141','0','142','0','171','0','172','0','173','0','174','0','175','0','176','0','177','0','178','0','179','0','180','0','181','0','182','0','183','0','209','0','210','0','211','0','212','0','213','0','214','0','215','0','216','0','217','0','218','0','219','0','220','0','221','0','249','0','250','0','251','0','252','0','253','0','254','0','255','0','256','0','257','0','258','0','259','0','260','0','261'
'1','4','0','KB Center-Right','0','62','0','63','0','64','0','65','0','66','0','67','0','68','0','69','0','70','0','71','0','102','0','103','0','104','0','105','0','106','0','107','0','108','0','109','0','110','0','111','0','143','0','144','0','145','0','146','0','147','0','148','0','149','0','150','0','151','0','184','0','185','0','186','0','187','0','188','0','189','0','190','0','191','0','222','0','223','0','224','0','225','0','226','0','227','0','228','0','229','0','230','0','231','0','262','0','263','0','264','0','265','0','266','0','267','0','268','0','269','0','270','0','271'
'1','5','0','KB Right','0','72','0','73','0','74','0','75','0','76','0','77','0','78','0','79','0','112','0','113','0','114','0','115','0','116','0','117','0','118','0','119','0','152','0','153','0','154','0','155','0','156','0','157','0','158','0','159','0','192','0','193','0','194','0','195','0','196','0','197','0','198','0','199','0','232','0','233','0','234','0','235','0','236','0','237','0','238','0','239','0','272','0','273','0','274','0','275','0','276','0','277','0','278','0','279'
'3','Alienware m15R3/R4'
'2','0','64','7','RGB Keyboard'
'0','6268','1360','Tron and power lights'
'1','0','0','Tron'
'1','1','0','Tron-Full'
'1','2','1','Power'
'1','3','0','Logo'
'0','3426','2588','RGB Keyboard'
'1','0','2','ESC','0','0','0','1','0','2','0','3'
'1','1','0','F1','0','4','0','5','0','6','0','7'
'1','10','0','F10','0','40','0','41','0','42','0','43'
'1','100','0','LCTRL','0','320','0','321','0','322','0','323','0','324','0','325'
'1','101','0','FN','0','326','0','327','0','328','0','329'
'1','102','0','WIN','0','330','0','331','0','332','0','333'
'1','104','0','LALT','0','334','0','335','0','336','0','337'
'1','105','0','Space','0','338','0','339','0','340','0','341','0','342','0','343','0','344','0','345','0','346','0','347','0','348','0','349','0','350','0','351','0','352','0','353','0','354','0','355','0','356','0','357','0','358','0','359'
'1','11','0','F11','0','44','0','45','0','46','0','47'
'1','111','0','RALT','0','360','0','361','0','362','0','363','0','364'
'1','112','0','RCTRL','0','365','0','366','0','367','0','368','0','369','0','370','0','371'
'1','113','0','PGUP','0','372','0','373','0','374','0','375'
'1','114','0','UP','0','376','0','377','0','378','0','379'
'1','115','0','PGDOWN','0','380','0','381','0','382','0','383'
'1','12','0','F12','0','48','0','49','0','50','0','51'
'1','13','0','HOME','0','52','0','53','0','54','0','55'
'1','133','0','LEFT','0','436','0','437','0','438','0','439'
'1','134','0','DOWN','0','440','0','441','0','442','0','443'
'1','135','0','RIGHT','0','444','0','445','0','446','0','447'
'1','14','0','END','0','56','0','57','0','58','0','59'
'1','15','0','DEL','0','60','0','61','0','62','0','63'
'1','2','0','F2','0','8','0','9','0','10','0','11'
'1','20','0','"~"','0','64','0','65','0','66','0','67','0','68'
'1','21','0','"1"','0','69','0','70','0','71','0','72'
'1','22','0','"2"','0','73','0','74','0','75','0','76'
'1','23','0','"3"','0','77','0','78','0','79','0','80','0','81'
'1','24','0','"4"','0','82','0','83','0','84','0','85','0','86'
'1','25','0','"5"','0','87','0','88','0','89','0','90'
'1','26','0','"6"','0','91','0','92','0','93','0','94'
'1','27','0','"7"','0','95','0','96','0','97','0','98'
'1','28','0','"8"','0','99','0','100','0','101','0','102','0','103'
'1','29','0','"9"','0','104','0','105','0','106','0','107'
'1','3','0','F3','0','12','0','13','0','14','0','15'
'1','30','0','"0"','0','108','0','109','0','110','0','111'
'1','31','0','"-"','0','112','0','113','0','114','0','115','0','116'
'1','32','0','"="','0','117','0','118','0','119','0','120'
'1','34','0','BACKSPACE','0','121','0','122','0','123','0','124','0','125','0','126','0','127'
'1','4','0','F4','0','16','0','17','0','18','0','19'
'1','40','0','TAB','0','128','0','129','0','130','0','131','0','132','0','133','0','134'
'1','42','0','Q','0','135','0','136','0','137','0','138'
'1','43','0','W','0','139','0','140','0','141','0','142'
'1','44','0','E','0','143','0','144','0','145','0','146','0','147'
'1','45','0','R','0','148','0','149','0','150','0','151','0','152'
'1','46','0','T','0','153','0','154','0','155','0','156'
'1','47','0','Y','0','157','0','158','0','159','0','160'
'1','48','0','U','0','161','0','162','0','163','0','164','0','165'
'1','49','0','I','0','166','0','167','0','168','0','169'
'1','5','0','F5','0','20','0','21','0','22','0','23'
'1','50','0','O','0','170','0','171','0','172','0','173'
'1','51','0','P','0','174','0','175','0','176','0','177'
'1','52','0','[','0','178','0','179','0','180','0','181'
'1','53','0',']','0','182','0','183','0','184','0','185','0','186'
'1','55','0','\','0','187','0','188','0','189','0','190','0','191'
'1','6','0','F6','0','24','0','25','0','26','0','27'
'1','60','0','CAPSLOCK','0','192','0','193','0','194','0','195','0','196','0','197','0','198','0','199'
'1','62','0','A','0','200','0','201','0','202','0','203'
'1','63','0','S','0','204','0','205','0','206','0','207'
'1','64','0','D','0','208','0','209','0','210','0','211','0','212'
'1','65','0','F','0','213','0','214','0','215','0','216','0','217'
'1','66','0','G','0','218','0','219','0','220','0','221'
'1','67','0','H','0','222','0','223','0','224','0','225'
'1','68','0','J','0','226','0','227','0','228','0','229'
'1','69','0','K','0','230','0','231','0','232','0','233','0','234'
'1','7','0','F7','0','28','0','29','0','30','0','31'
'1','70','0','L','0','235','0','236','0','237','0','238'
'1','71','0',';','0','239','0','240','0','241','0','242'
'1','72','0',''','0','243','0','244','0','245','0','246'
'1','74','0','ENTER','0','247','0','248','0','249','0','250','0','251','0','252','0','253','0','254','0','255'
'1','8','0','F8','0','32','0','33','0','34','0','35'
'1','80','0','LSHIFT','0','256','0','257','0','258','0','259','0','260','0','261','0','262','0','263','0','264','0','265'
'1','83','0','Z','0','266','0','267','0','268','0','269'
'1','84','0','X','0','270','0','271','0','272','0','273'
'1','85','0','C','0','274','0','275','0','276','0','277','0','278'
'1','86','0','V','0','279','0','280','0','281','0','282'
'1','87','0','B','0','283','0','284','0','285','0','286','0','287'
'1','88','0','N','0','288','0','289','0','290','0','291'
'1','89','0','M','0','292','0','293','0','294','0','295'
'1','9','0','F9','0','36','0','37','0','38','0','39'
'1','90','0',', ','0','296','0','297','0','298','0','299','0','300'
'1','91','0','.','0','301','0','302','0','303','0','304'
'1','92','0','/','0','305','0','306','0','307','0','308'
'1','94','0','RSHIFT','0','309','0','310','0','311','0','312','0','313','0','314','0','315','0','316','0','317','0','318','0','319'
'3','AW610M mouse'
'0','1121','20160','Alienware mouse'
'1','0','0','Mouse Light'
'1','1','0','Mouse Logo'
'3','Alienware Aurora R12'
'0','6268','1360','Chassis'
'1','0','0','Front Ring'
'1','1','0','Alienhead/Power Button'
'3','Dell G5 5515'
'0','6268','1360','Main lights'
'1','10','0','KB RIGHT MID'
'1','11','0','KB RIGHT'
'1','8','0','KB LEFT'
'1','9','0','KB LEFT MID'
'3','Alienware m15R6 4-zone'
'2','0','16','7','Tron and power lights'
'2','1','16','7','RGB Keyboard'
'0','3426','14144','Per-Key RGB keyboard (Unused)'
'0','6268','1360','Main lights'
'1','0','0','TRON-BackRight','0','72','0','73','0','74','0','75','0','76','0','77','0','78','0','79','0','95','0','104','0','105','0','106','0','107','0','108','0','109','0','110','0','111'
'1','1','0','TRON-BackLeft','0','64','0','65','0','66','0','67','0','68','0','69','0','70','0','71','0','80','0','96','0','97','0','98','0','99','0','100','0','101','0','102','0','103'
'1','2','2','PowerButton','1','15'
'1','3','0','BackAlienHead','0','7','0','8','0','23','0','24'
'1','4','0','Left','1','16','1','17','1','18','1','19','1','32','1','33','1','34','1','35','1','48','1','49','1','50','1','51','1','52','1','64','1','65','1','66','1','67','1','80','1','81','1','82','1','83','1','96','1','97','1','98','1','99','1','100'
'1','5','0','Center-Left','1','20','1','21','1','22','1','23','1','24','1','36','1','37','1','38','1','39','1','40','1','53','1','54','1','55','1','68','1','69','1','70','1','71','1','72','1','84','1','85','1','86','1','87','1','88','1','101','1','102','1','103','1','104'
'1','6','0','Center-Right','1','25','1','26','1','27','1','28','1','41','1','42','1','43','1','44','1','56','1','57','1','58','1','59','1','73','1','74','1','75','1','76','1','89','1','90','1','91','1','105','1','106','1','107','1','108'
'1','7','0','Right','1','29','1','30','1','31','1','45','1','46','1','47','1','60','1','61','1','62','1','63','1','77','1','78','1','79','1','92','1','93','1','94','1','95','1','109','1','110','1','111'
'3','Alienware Area-51m R2/m17R3/R4'
'2','0','20','7','Keyboard'
'2','1','3','3','Chassis'
'0','3426','6684','RGB Keyboard'
'1','0','0','Esc','0','0'
'1','1','0','F1','0','1'
'1','2','0','F2','0','2'
'1','3','0','F3','0','3'
'1','4','0','F4','0','4'
'1','5','0','F5','0','5'
'1','6','0','F6','0','6'
'1','7','0','F7','0','7'
'1','8','0','F8','0','8'
'1','9','0','F9','0','9'
'1','10','0','F0','0','10'
'1','11','0','F11','0','11'
'1','12','0','F12','0','12'
'1','13','0','Home','0','13'
'1','14','0','End','0','14'
'1','15','0','Delete','0','15'
'1','16','0','Macro A','0','16'
'1','17','0','Macro B','0','17'
'1','18','0','Macro C','0','18'
'1','19','0','Macro D','0','19'
'1','20','0','`','0','20'
'1','21','0','1','0','21'
'1','22','0','2','0','22'
'1','23','0','3','0','23'
'1','24','0','4','0','24'
'1','25','0','5','0','25'
'1','26','0','6','0','26'
'1','27','0','7','0','27'
'1','28','0','8','0','28'
'1','29','0','9','0','29'
'1','30','0','0','0','30'
'1','31','0','-','0','31'
'1','32','0','=','0','32'
'1','34','0','Backspace','0','33','0','34','0','35'
'1','36','0','Num','0','36'
'1','37','0','Num /','0','37'
'1','38','0','Num *','0','38'
'1','39','0','Num -','0','39'
'1','40','0','Tab','0','40','0','41'
'1','42','0','Q','0','42'
'1','43','0','W','0','43'
'1','44','0','E','0','44'
'1','45','0','R','0','45'
'1','46','0','T','0','46'
'1','47','0','Y','0','47'
'1','48','0','U','0','48'
'1','49','0','I','0','49'
'1','50','0','O','0','50'
'1','51','0','P','0','51'
'1','52','0','[','0','52'
'1','53','0',']','0','53'
'1','55','0','\','0','54','0','55'
'1','56','0','Num 7','0','56'
'1','57','0','Num 8','0','57'
'1','58','0','Num 9','0','58'
'1','60','0','Caps Lock','0','60','0','61'
'1','62','0','A','0','62'
'1','63','0','S','0','63'
'1','64','0','D','0','64'
'1','65','0','F','0','65'
'1','66','0','G','0','66'
'1','67','0','H','0','67'
'1','68','0','J','0','68'
'1','69','0','K','0','69'
'1','70','0','L','0','70'
'1','71','0',';','0','71'
'1','72','0',''','0','72'
'1','74','0','Enter','0','73','0','74','0','75'
'1','76','0','Num 4','0','76'
'1','77','0','Num 5','0','77'
'1','78','0','Num 6','0','78'
'1','79','0','Num +','0','59','0','79'
'1','80','0','Left Shift','0','80','0','81','0','82'
'1','83','0','Z','0','83'
'1','84','0','X','0','84'
'1','85','0','C','0','85'
'1','86','0','V','0','86'
'1','87','0','B','0','87'
'1','88','0','N','0','88'
'1','89','0','M','0','89'
'1','90','0',',','0','90'
'1','91','0','.','0','91'
'1','92','0','/','0','92'
'1','94','0','Right Shift','0','93','0','94','0','95'
'1','96','0','Num 1','0','96'
'1','97','0','Num 2','0','97'
'1','98','0','Num 3','0','98'
'1','99','0','Num Enter','0','99','0','119'
'1','100','0','Left Ctrl','0','100'
'1','101','0','Fn','0','101'
'1','102','0','Left Windows','0','102'
'1','104','0','Left Alt','0','103'
'1','105','0','Space','0','104','0','105','0','106','0','107','0','108','0','109','0','110'
'1','111','0','Right Alt','0','111'
'1','112','0','Right Ctrl','0','112'
'1','113','0','Page Up','0','113'
'1','114','0','Up Arrow','0','114'
'1','115','0','Page Down','0','115'
'1','116','0','Num 0','0','116','0','117'
'1','118','0','Num .','0','118'
'1','133','0','Left Arrow','0','133'
'1','134','0','Down Arrow','0','134'
'1','135','0','Right Arrow','0','135'
'0','6268','1360','Tron and power lights'
'1','0','0','Alien Head','1','1'
'1','1','0','Touchpad','1','7'
'1','2','1','Power Button','1','4'
'1','3','0','Ring Top','1','0'
'1','4','0','Ring Bottom','1','3'
'3','Alienware AW410k/510k'
'2','4','22','6','External Keyboard'
'0','1266','6504','AW410k/510k'
'1','1','7143424','Num -','4','43'
'1','10','2162688','Num 9','4','64'
'1','100','12451840','.','4','98'
'1','101','27590656','Right Alt','4','119','4','120'
'1','104','7667712','F6','4','7'
'1','105','3670016','8','4','30'
'1','106','4784128','I','4','53'
'1','107','4915200','K','4','75'
'1','108','12320768',',','4','97'
'1','11','2555904','Num 6','4','86'
'1','112','7602176','F5','4','6'
'1','113','3604480','7','4','29'
'1','114','5570560','U','4','52'
'1','115','4849664','J','4','74'
'1','116','5046272','M','4','96'
'1','12','2228224','Num 3','4','108'
'1','121','3538944','6','4','28'
'1','122','5832704','Y','4','51'
'1','123','4718592','H','4','73'
'1','124','5111808','N','4','95'
'1','128','7536640','F4','4','5'
'1','129','3473408','5','4','27'
'1','13','3014656','Num Del','4','130'
'1','130','5505024','T','4','50'
'1','131','4653056','G','4','72'
'1','132','4325376','B','4','94'
'1','133','2097152','Space','4','116','4','117'
'1','136','7471104','F3','4','4'
'1','137','3407872','4','4','26'
'1','138','5373952','R','4','49'
'1','139','4587520','F','4','71'
'1','140','5636096','V','4','93'
'1','144','7405568','F2','4','3'
'1','145','3342336','3','4','25'
'1','146','4521984','E','4','48'
'1','147','4456448','D','4','70'
'1','148','4390912','C','4','92'
'1','152','7340032','F1','4','2'
'1','153','3276800','2','4','24'
'1','154','5701632','W','4','47'
'1','155','5439488','S','4','69'
'1','156','5767168','X','4','91'
'1','16','28180480','Volume down','4','20'
'1','161','3211264','1','4','23'
'1','162','5308416','Q','4','46'
'1','163','4259840','A','4','68'
'1','164','5898240','Z','4','90'
'1','165','10747904','Alt','4','112','4','113'
'1','17','24051712','Num /','4','41'
'1','173','22740992','Left Windows','4','111'
'1','176','1769472','Esc','4','0'
'1','177','12582912','`','4','22'
'1','178','589824','Tab','4','44','4','45'
'1','179','1310720','Caps Lock','4','66','4','67'
'1','18','2490368','Num 8','4','63'
'1','180','10485760','Shift','4','88','4','89'
'1','181','10616832','Ctrl','4','110'
'1','19','786432','Num 5','4','85'
'1','20','2621440','Num 2','4','107'
'1','24','28114944','Volume Mute','4','19'
'1','25','26214400','Num Lock','4','40'
'1','26','2359296','Num 7','4','62'
'1','27','2424832','Num 4','4','84'
'1','28','2293760','Num 1','4','106'
'1','29','2949120','Num 0','4','128','4','129'
'1','3','7012352','Num +','4','65','4','87'
'1','32','1245184','Pause','4','17'
'1','33','18939904','Page Up','4','39'
'1','34','19005440','Page Down','4','61'
'1','37','19333120','Right','4','127'
'1','40','9502720','Scroll Lock','4','16'
'1','41','19136512','Home','4','38'
'1','42','19070976','End','4','60'
'1','44','19267584','Up','4','104'
'1','45','19398656','Down','4','126'
'1','48','19660800','Prnt Scrn','4','15'
'1','49','19726336','Insert','4','37'
'1','5','17629184','Num Enter','4','109','4','131'
'1','50','19791872','Delete','4','59'
'1','53','19202048','Left','4','125'
'1','56','8060928','F12','4','14'
'1','57','524288','Backspace','4','35','4','36'
'1','6','2','NumLock ON'
'1','64','7995392','F11','4','13'
'1','66','14417920','\','4','58'
'1','67','851968','Enter','4','79','4','80'
'1','72','7929856','F10','4','12'
'1','73','12255232','=','4','34'
'1','74','14483456',']','4','57'
'1','76','27328512','Right Shift','4','100','4','101','4','102'
'1','77','27459584','Right Ctrl','4','123','4','124'
'1','8','28246016','Volume up','4','21'
'1','80','7864320','F9','4','11'
'1','81','12386304','-','4','33'
'1','82','14352384','[','4','56'
'1','83','14548992',''','4','78'
'1','85','22872064','Application','4','122'
'1','88','7798784','F8','4','9'
'1','89','3145728','0','4','32'
'1','9','6946816','Num *','4','42'
'1','90','5242880','P','4','55'
'1','91','12189696',';','4','77'
'1','92','12517376','/','4','99'
'1','93','0','Fn','4','121'
'1','96','7733248','F7','4','8'
'1','97','3735552','9','4','31'
'1','98','5177344','O','4','54'
'1','99','4980736','L','4','76'
'3','Alienware x17 R1'
'2','0','16','6','Main'
'2','2','8','3','Touchpad'
'2','3','6','3','Tron'
'0','6268','1360','Main Lights'
'1','0','0','Power Button'
'1','1','0','AlienHead'
'1','10','0','Ring1','3','2'
'1','11','0','Ring2','3','1'
'1','12','0','Ring3','3','6'
'1','13','0','Ring4','3','13'
'1','14','0','Ring5','3','14'
'1','15','0','Ring6','3','15'
'1','16','0','Ring7','3','16'
'1','17','0','Ring8','3','11'
'1','18','0','Ring9','3','4'
'1','19','0','Ring10','3','3'
'1','2','0','Touchpad1','2','0'
'1','3','0','Touchpad2','2','1'
'1','4','0','Touchpad3','2','2'
'1','5','0','Touchpad4','2','3'
'1','6','0','Touchpad5','2','4'
'1','7','0','Touchpad6','2','5'
'1','8','0','Touchpad7','2','6'
'1','9','0','Touchpad8','2','7'
'0','3426','51900','RGB Keyboard'
'1','0','0','ESC','0','0'
'1','1','0','F1','0','1'
'1','10','0','F10','0','10'
'1','100','0','CTRL','0','80'
'1','101','0','FN','0','81'
'1','102','0','Windows','0','82'
'1','104','0','ALT','0','83'
'1','109','0','WinLock','0','90'
'1','11','0','F11','0','11'
'1','111','0','Alt','0','89'
'1','112','0','CTRL','0','91'
'1','114','0','UP','0','78'
'1','12','0','F12','0','12'
'1','13','0','HOME','0','13'
'1','133','0','LEFT','0','93'
'1','134','0','DOWN','0','94'
'1','135','0','RIGHT','0','95'
'1','14','0','END','0','14'
'1','15','0','DEL','0','15'
'1','16','0','Vol X','0','47'
'1','17','0','Vol -','0','79'
'1','18','0','Vol +','0','63'
'1','19','0','Mic','0','31'
'1','2','0','F2','0','2'
'1','20','0','BACKTICK','0','16'
'1','21','0','1','0','17'
'1','22','0','2','0','18'
'1','23','0','3','0','19'
'1','24','0','4','0','20'
'1','25','0','5','0','21'
'1','26','0','6','0','22'
'1','27','0','7','0','23'
'1','28','0','8','0','24'
'1','29','0','9','0','25'
'1','3','0','F3','0','3'
'1','30','0','0','0','26'
'1','31','0','-','0','27'
'1','32','0','=','0','28'
'1','34','0','BACKSPACE','0','30'
'1','4','0','F4','0','4'
'1','40','0','TAB','0','32'
'1','42','0','Q','0','33'
'1','43','0','W','0','34'
'1','44','0','E','0','35'
'1','45','0','R','0','36'
'1','46','0','T','0','37'
'1','47','0','Y','0','38'
'1','48','0','U','0','39'
'1','49','0','I','0','40'
'1','5','0','F5','0','5'
'1','50','0','O','0','41'
'1','51','0','P','0','42'
'1','52','0','[','0','43'
'1','53','0',']','0','44'
'1','55','0','\','0','46'
'1','6','0','F6','0','6'
'1','60','0','CAPSLOCK','0','48'
'1','62','0','A','0','49'
'1','63','0','S','0','50'
'1','64','0','D','0','51'
'1','65','0','F','0','52'
'1','66','0','G','0','53'
'1','67','0','H','0','54'
'1','68','0','J','0','55'
'1','69','0','K','0','56'
'1','7','0','F7','0','7'
'1','70','0','L','0','57'
'1','71','0',';','0','58'
'1','72','0','SINGLEQUOTE','0','59'
'1','74','0','ENTER','0','61'
'1','8','0','F8','0','8'
'1','80','0','SHIFT','0','64'
'1','83','0','Z','0','65'
'1','84','0','X','0','66'
'1','85','0','C','0','67'
'1','86','0','V','0','68'
'1','87','0','B','0','69'
'1','88','0','N','0','70'
'1','89','0','M','0','71'
'1','9','0','F9','0','9'
'1','90','0',',','0','72'
'1','91','0','.','0','73'
'1','92','0','/','0','74'
'1','94','0','RIGHT SHIFT','0','76'
'3','Alienware x15/17R2'
'2','0','16','6','Main'
'2','1','6','4','Back Ring'
'0','3426','51900','RGB Keyboard'
'1','0','0','ESC','0','0'
'1','1','0','F1','0','1'
'1','10','0','F10','0','10'
'1','100','0','CTRL','0','80'
'1','101','0','FN','0','81'
'1','102','0','Windows','0','82'
'1','104','0','ALT','0','83'
'1','109','0','WinLock','0','90'
'1','11','0','F11','0','11'
'1','111','0','Alt','0','89'
'1','112','0','CTRL','0','91'
'1','114','0','NUM 8','0','78'
'1','12','0','F12','0','12'
'1','13','0','NUM 7','0','13'
'1','133','0','NUM 4','0','93'
'1','134','0','NUM 2','0','94'
'1','135','0','NUM 6','0','95'
'1','14','0','NUM 1','0','14'
'1','15','0','NUM DECIMAL','0','15'
'1','16','0','Vol X','0','47'
'1','17','0','Vol -','0','79'
'1','18','0','Vol +','0','63'
'1','19','0','Mic','0','31'
'1','2','0','F2','0','2'
'1','20','0','GRAVE','0','16'
'1','21','0','1','0','17'
'1','22','0','2','0','18'
'1','23','0','3','0','19'
'1','24','0','4','0','20'
'1','25','0','5','0','21'
'1','26','0','6','0','22'
'1','27','0','7','0','23'
'1','28','0','8','0','24'
'1','29','0','9','0','25'
'1','3','0','F3','0','3'
'1','30','0','0','0','26'
'1','31','0','-','0','27'
'1','32','0','=','0','28'
'1','34','0','BACKSPACE','0','30'
'1','4','0','F4','0','4'
'1','40','0','TAB','0','32'
'1','42','0','Q','0','33'
'1','43','0','W','0','34'
'1','44','0','E','0','35'
'1','45','0','R','0','36'
'1','46','0','T','0','37'
'1','47','0','Y','0','38'
'1','48','0','U','0','39'
'1','49','0','I','0','40'
'1','5','0','F5','0','5'
'1','50','0','O','0','41'
'1','51','0','P','0','42'
'1','52','0','[','0','43'
'1','53','0',']','0','44'
'1','55','0','\','0','46'
'1','6','0','F6','0','6'
'1','60','0','CAPSLOCK','0','48'
'1','62','0','A','0','49'
'1','63','0','S','0','50'
'1','64','0','D','0','51'
'1','65','0','F','0','52'
'1','66','0','G','0','53'
'1','67','0','H','0','54'
'1','68','0','J','0','55'
'1','69','0','K','0','56'
'1','7','0','F7','0','7'
'1','70','0','L','0','57'
'1','71','0',';','0','58'
'1','72','0','ACUTE/CEDILLA','0','59'
'1','74','0','ENTER','0','61'
'1','8','0','F8','0','8'
'1','80','0','SHIFT','0','64'
'1','83','0','Z','0','65'
'1','84','0','X','0','66'
'1','85','0','C','0','67'
'1','86','0','V','0','68'
'1','87','0','B','0','69'
'1','88','0','N','0','70'
'1','89','0','M','0','71'
'1','9','0','F9','0','9'
'1','90','0',',','0','72'
'1','91','0','.','0','73'
'1','92','0','/','0','74'
'1','94','0','RIGHT SHIFT','0','76'
'0','6268','1360','Tron (Not set, do manual set!)'
'3','Alienware AW3420/23DW'
'2','2','21','9','Front'
'2','3','21','9','Back'
'0','6268','4107','Alienware Monitor'
'1','0','0','Back','3','67'
'1','1','0','Stand','3','30','3','31','3','32','3','51','3','53','3','72','3','74','3','93','3','95','3','114','3','116','3','135','3','136','3','137'
'1','2','0','Downlights','2','177','2','178','2','179'
'1','3','0','Power Button','2','188'
'3','Dell G5 5500'
'2','1','12','3','Front panel'
'0','6268','1360','Main lights'
'1','0','0','KB left','1','0','1','1','1','2','1','12','1','13','1','14'
'1','1','0','KB middle','1','3','1','4','1','5','1','15','1','16','1','17'
'1','10','0','06','1','29'
'1','11','0','05','1','28'
'1','12','0','04','1','27'
'1','13','0','03','1','26'
'1','14','0','02','1','25'
'1','15','0','01','1','24'
'1','2','0','KB right','1','6','1','7','1','8','1','18','1','19','1','20'
'1','3','0','KB numpad','1','9','1','10','1','11','1','21','1','22','1','23'
'1','4','0','12','1','35'
'1','5','0','11','1','34'
'1','6','0','10','1','33'
'1','7','0','09','1','32'
'1','8','0','08','1','31'
'1','9','0','07','1','30'
'3','Alienware m17R5'
'2','0','16','6','RGB Keyboard'
'2','1','12','3','Front panel'
'0','3426','55996','RGB Keyboard'
'1','21','3211264','1','0','17'
'1','23','3342336','3','0','19'
'1','24','3407872','4','0','20'
'1','25','3473408','5','0','21'
'1','26','3538944','6','0','22'
'1','27','3604480','7','0','23'
'1','28','3670016','8','0','24'
'1','29','3735552','9','0','25'
'1','30','3145728','0','0','26'
'1','31','12386304','-','0','27'
'1','32','12255232','=','0','28'
'1','33','2097152','Space'
'1','34','524288','Backspace','0','29','0','30'
'1','35','5767168','X'
'1','40','589824','Tab','0','32'
'1','42','5308416','Q','0','33'
'1','43','5701632','W','0','34'
'1','44','4521984','E','0','35'
'1','45','5373952','R','0','36'
'1','46','5505024','T','0','37'
'1','47','5832704','Y','0','38'
'1','48','5570560','U','0','39'
'1','49','4784128','I','0','40'
'1','50','5177344','O','0','41'
'1','51','5242880','P','0','42'
'1','52','14352384','[','0','43'
'1','53','14483456',']','0','44'
'1','55','14417920','\','0','45','0','46'
'1','60','1310720','Caps Lock','0','48'
'1','62','4259840','A','0','49'
'1','63','5439488','S','0','50'
'1','64','4456448','D','0','51'
'1','65','4587520','F','0','52'
'1','66','4653056','G','0','53'
'1','67','4718592','H','0','54'
'1','68','4849664','J','0','55'
'1','69','4915200','K','0','56'
'1','70','4980736','L','0','57'
'1','71','12189696',';','0','58'
'1','72','14548992',''','0','59'
'1','74','851968','Enter','0','60','0','61','0','62'
'1','80','10485760','Shift','0','64'
'1','83','5898240','Z','0','65'
'1','84','5767168','X','0','66'
'1','85','4390912','C','0','67'
'1','86','5636096','V','0','68'
'1','87','4325376','B','0','69'
'1','88','5111808','N','0','70'
'1','89','5046272','M','0','71'
'1','90','12320768',',','0','72'
'1','91','12451840','.','0','73'
'1','92','12517376','/','0','74'
'1','94','27328512','Unknown key','0','75','0','76','0','77'
'1','100','10616832','Ctrl','0','80'
'1','101','0','FN','0','81'
'1','102','22740992','Left Windows','0','82'
'1','104','10747904','Alt','0','83'
'1','105','2097152','Space'
'1','109','0','Right Windows','0','91'
'1','111','27590656','Right Alt','0','90'
'1','112','27459584','Right Ctrl','0','92'
'1','114','19267584','Up','0','78'
'1','133','19202048','Left','0','93'
'1','134','19398656','Down','0','94'
'1','135','4456448','D','0','95'
'1','0','1769472','Esc','0','0'
'1','1','8388608','F1','0','1'
'1','2','0','F2','0','2'
'1','3','0','F3','0','3'
'1','4','0','F4','0','4'
'1','22','0','2','0','18'
'1','5','0','F5','0','5'
'1','6','0','F6','0','6'
'1','7','0','F7','0','7'
'1','8','5242880','F8','0','8'
'1','9','4915200','F9','0','9'
'1','10','0','F10','0','10'
'1','11','0','F11','0','11'
'1','12','8847360','F12','0','12'
'1','13','19136512','Home','0','13'
'1','14','19070976','End','0','14'
'1','15','19791872','Delete','0','15'
'1','16','28114944','Mute','0','47'
'1','17','28180480','Vol down','0','79'
'1','18','28246016','Vol Up','0','63'
'1','19','0','Mic','0','31'
'1','20','12582912','`','0','16'
'1','106','0','Spacebar','0','84','0','85','0','86','0','87','0','88','0','89'
'1','175','524288','Backspace'
'0','6268','1360','Tron lights'
'1','3','2','AlienHead'
'1','0','3','Left of Tron'
'1','1','0','Right of Tron'
'1','2','0','Power button'
'3','Alienware 17R3'
'2','0','7','5','Main'
'0','6268','1320','Alienware AW1517'
'1','0','1','<Numpad>'
'1','1','0','<F10cluster>'
'1','2','0','<F5 cluster>'
'1','3','0','<Esc cluster>'
'1','5','0','<Back lid>'
'1','4','0','<power led>'
'1','6','0','<power led2>'
'1','7','0','<Activity light>'
'1','8','0','<charging state?>'
'1','9','0','<HDD LED>'
'1','10','0','<trackpad>'
'1','11','0','<Left under glow>'
'1','12','0','<Right under glow>'
'1','13','0','<Extra keys>'
'1','14','1','<IDK>'
'1','32','0','<num>'
'1','33','0','<Del>'
'1','34','0','<mid cluster>'
'1','35','0','<edge cluster>'
'1','38','0','<logo>'
'1','39','0','<wifi>'
'1','42','0','<trackpad>'
'1','43','0','<left under2>'
'1','44','0','<right under2>'
'1','37','0','<backlid2>'
'1','45','0','<extra keys 2>'
'3','Dell G7 7590'
'2','1','12','6','Keyboard'
'0','6268','1360','Main Lights'
'1','0','0','KB left','1','0','1','1','1','2','1','12','1','13','1','14','1','24','1','25','1','26','1','36','1','37','1','38','1','48','1','49','1','50','1','60','1','61','1','62'
'1','1','0','KB middle','1','3','1','4','1','5','1','15','1','16','1','17','1','27','1','28','1','29','1','39','1','40','1','41','1','51','1','52','1','53','1','63','1','64','1','65'
'1','2','0','KB right','1','6','1','7','1','8','1','18','1','19','1','20','1','30','1','31','1','32','1','42','1','43','1','44','1','54','1','55','1','56','1','66','1','67','1','68'
'1','3','0','KB numpad','1','9','1','10','1','11','1','21','1','22','1','23','1','33','1','34','1','35','1','45','1','46','1','47','1','57','1','58','1','59','1','69','1','70','1','71'
'3','Alienware m18'
'2','0','20','6','Main'
'0','6268','1361','Alienware Tron'
'1','0','0','Rear Vents 1'
'1','1','0','Rear Vents 2'
'1','2','0','Lid Logo'
'1','4','1','Power'
'0','3426','43696','RGB Keyboard'
'1','0','1769474','Esc','0','0'
'1','1','7340034','F1','0','1'
'1','2','7405568','F2','0','2'
'1','3','7471104','F3','0','3'
'1','4','7536640','F4','0','4'
'1','5','7602176','F5','0','5'
'1','6','7667712','F6','0','6'
'1','7','7733248','F7','0','7'
'1','8','7798784','F8','0','8'
'1','9','7864320','F9','0','9'
'1','10','7929856','F10','0','10'
'1','11','7995392','F11','0','11'
'1','12','8060928','F12','0','12'
'1','13','19136512','Home','0','13'
'1','14','19070976','End','0','14'
'1','15','19791872','Delete','0','15'
'1','16','2','Mute','0','16'
'1','17','28180480','Vol-','0','17'
'1','18','28246016','Vol+','0','18'
'1','19','2','Mic','0','19'
'1','20','12582912','`','0','20'
'1','21','3211264','1','0','21'
'1','22','3276800','2','0','22'
'1','23','3342336','3','0','23'
'1','24','3407872','4','0','24'
'1','25','3473408','5','0','25'
'1','26','3538944','6','0','26'
'1','27','3604480','7','0','27'
'1','28','3670016','8','0','28'
'1','29','3735552','9','0','29'
'1','30','3145728','0','0','30'
'1','31','12386304','-','0','31'
'1','32','12255232','=','0','32'
'1','34','524288','Backspace 1','0','33'
'1','35','524288','Backspace 2','0','34'
'1','36','26214402','Num Lock','0','36'
'1','37','24051712','Num /','0','37'
'1','38','6946816','Num *','0','38'
'1','39','7143424','Num -','0','39'
'1','40','589824','Tab','0','40','0','41'
'1','42','5308416','Q','0','42'
'1','43','5701632','W','0','43'
'1','44','4521984','E','0','44'
'1','45','5373952','R','0','45'
'1','46','5505024','T','0','46'
'1','47','5832704','Y','0','47'
'1','48','5570560','U','0','48'
'1','49','4784128','I','0','49'
'1','50','5177344','O','0','50'
'1','51','5242880','P','0','51'
'1','52','14352384','[','0','52'
'1','53','14483456',']','0','53'
'1','55','14417920','\','0','54','0','55'
'1','56','6750208','Num 7','0','56'
'1','57','6815744','Num 8','0','57'
'1','58','6881280','Num 9','0','58'
'1','60','1310722','Caps Lock 1','0','60'
'1','61','1310720','Caps Lock 2','0','61'
'1','62','4259840','A','0','62'
'1','63','5439488','S','0','63'
'1','64','4456448','D','0','64'
'1','65','4587520','F','0','65'
'1','66','4653056','G','0','66'
'1','67','4718592','H','0','67'
'1','68','4849664','J','0','68'
'1','69','4915200','K','0','69'
'1','70','4980736','L','0','70'
'1','71','12189696',';','0','71'
'1','72','14548992',''','0','72'
'1','74','851968','Enter','0','73','0','74'
'1','76','6553600','Num 4','0','76'
'1','77','6619136','Num 5','0','77'
'1','78','6684672','Num 6','0','78'
'1','79','7012352','Num +','0','59','0','79'
'1','80','10485760','Shift 1','0','80'
'1','81','10485760','Shift 2','0','81'
'1','83','5898240','Z','0','83'
'1','84','5767168','X','0','84'
'1','85','4390912','C','0','85'
'1','86','5636096','V','0','86'
'1','87','4325376','B','0','87'
'1','88','5111808','N','0','88'
'1','89','5046272','M','0','89'
'1','90','12320768',',','0','90'
'1','91','12451840','.','0','91'
'1','92','12517376','/','0','92'
'1','94','27328512','Right Shift','0','93'
'1','96','6356992','Num 1','0','96'
'1','97','6422528','Num 2','0','97'
'1','98','6488064','Num 3','0','98'
'1','99','17629184','Num Enter 1','0','99'
'1','100','10616832','Ctrl','0','100'
'1','101','0','Fn','0','101'
'1','102','22740992','Left Windows 1','0','102'
'1','103','22740992','Left Windows 2','0','103'
'1','104','10747904','Alt','0','104'
'1','106','2097152','Space 1','0','105','0','106'
'1','107','2097152','Space 2','0','107','0','108'
'1','109','2','Windows Lock','0','110'
'1','111','27590656','Right Alt','0','109'
'1','112','27459584','Right Ctrl','0','111','0','112'
'1','114','19267584','Up','0','94'
'1','116','6291456','Num 0 1','0','116'
'1','117','6291456','Num 0 2','0','117'
'1','118','7208960','Num Del','0','118'
'1','119','17629184','Num Enter 2','0','119'
'1','133','19202048','Left','0','113'
'1','134','19398656','Down','0','114'
'1','135','19333120','Right','0','115'
'3','Alienware m16R1'
'2','0','16','7','Main'
'2','1','5','5','Back'
'0','6268','1361','Alienware AW-ELC'
'1','0','0','Tron Bottom','1','20','1','21','1','22','1','23','1','24'
'1','1','0','Tron Top','1','15','1','16','1','17','1','18','1','19'
'1','2','0','Logo','1','7'
'1','4','1','Power Button','0','15'
'0','3426','53936','DELL Technologies Keyboard'
'1','0','1769472','Esc','0','16'
'1','1','8388608','F1','0','17'
'1','10','0','F10','0','26'
'1','100','10616832','Ctrl','0','96'
'1','101','0','Fn','0','97'
'1','102','22740992','Left Windows','0','98'
'1','103','0','Light 104'
'1','104','10747904','Alt','0','99'
'1','106','2097152','Space','0','100','0','101','0','102','0','103','0','104'
'1','107','0','Light 108'
'1','109','0','Win lock','0','106'
'1','11','0','F11','0','27'
'1','111','27590656','Right Alt','0','105'
'1','112','27459584','Right Ctrl','0','107','0','108'
'1','114','19267584','Up','0','94'
'1','12','8847360','F12','0','28'
'1','13','19136512','Home','0','29'
'1','133','19202048','Left','0','109'
'1','134','19398656','Down','0','110'
'1','135','19333120','Right','0','111'
'1','14','19070976','End','0','30'
'1','15','19791872','Delete','0','31'
'1','16','0','Mute','0','63'
'1','17','28180480','Vol down','0','95'
'1','18','28246016','Vol up','0','79'
'1','19','0','Mic Mute','0','47'
'1','2','0','F2','0','18'
'1','20','12582912','`','0','32'
'1','21','3211264','1','0','33'
'1','22','3276800','2','0','34'
'1','23','3342336','3','0','35'
'1','24','3407872','4','0','36'
'1','25','3473408','5','0','37'
'1','26','3538944','6','0','38'
'1','27','3604480','7','0','39'
'1','28','3670016','8','0','40'
'1','29','3735552','9','0','41'
'1','3','0','F3','0','19'
'1','30','3145728','0','0','42'
'1','31','12386304','-','0','43'
'1','32','12255232','=','0','44'
'1','34','524288','Backspace','0','45','0','46'
'1','35','524288','Backspace'
'1','4','0','F4','0','20'
'1','40','589824','Tab','0','48'
'1','42','5308416','Q','0','49'
'1','43','5701632','W','0','50'
'1','44','4521984','E','0','51'
'1','45','5373952','R','0','52'
'1','46','5505024','T','0','53'
'1','47','5832704','Y','0','54'
'1','48','5570560','U','0','55'
'1','49','4784128','I','0','56'
'1','5','0','F5','0','21'
'1','50','5177344','O','0','57'
'1','51','5242880','P','0','58'
'1','52','14352384','[','0','59'
'1','53','14483456',']','0','60'
'1','55','14417920','\','0','61','0','62'
'1','6','0','F6','0','22'
'1','60','1310720','Caps Lock','0','64','0','65'
'1','61','1310720','Caps Lock'
'1','62','4259840','A','0','66'
'1','63','5439488','S','0','67'
'1','64','4456448','D','0','68'
'1','65','4587520','F','0','69'
'1','66','4653056','G','0','70'
'1','67','4718592','H','0','71'
'1','68','4849664','J','0','72'
'1','69','4915200','K','0','73'
'1','7','0','F7','0','23'
'1','70','4980736','L','0','74'
'1','71','12189696',';','0','75'
'1','72','14548992',''','0','76'
'1','74','851968','Enter','0','77','0','78'
'1','8','5242880','F8','0','24'
'1','80','10485760','Shift','0','80','0','81'
'1','81','10485760','Shift'
'1','83','5898240','Z','0','82'
'1','84','5767168','X','0','83'
'1','85','4390912','C','0','84'
'1','86','5636096','V','0','85'
'1','87','4325376','B','0','86'
'1','88','5111808','N','0','87'
'1','89','5046272','M','0','88'
'1','9','4915200','F9','0','25'
'1','90','12320768',',','0','89'
'1','91','12451840','.','0','90'
'1','92','12517376','/','0','91'
'1','94','27328512','Right shift','0','92','0','93'
'3','Alienware Area 51 R4'
'2','0','20','8','Main'
'0','6268','1318','Alienware Area 51 R4'
'1','0','0','right panel, top'
'1','1','0','right panel, forward'
'1','10','1','alien head power button'
'1','11','0','front panel, left'
'1','12','0','front panel, right'
'1','2','0','right panel, rear'
'1','5','0','left panel, top'
'1','6','0','left panel, rear'
'1','7','0','left panel, forward'
'3','Alienware m16R1 (Brazil)'
'2','0','16','7','Main'
'2','1','5','5','Back'
'0','6268','1361','Alienware AW-ELC'
'1','0','0','Tron Bottom','1','20','1','21','1','22','1','23','1','24'
'1','1','0','Tron Top','1','15','1','16','1','17','1','18','1','19'
'1','2','0','Logo','1','7'
'1','4','1','Power Button','0','15'
'0','3426','53936','DELL Technologies Keyboard'
'1','0','1769472','Esc','0','16'
'1','1','8388608','F1','0','17'
'1','10','0','F10','0','26'
'1','100','10616832','Ctrl','0','96'
'1','101','0','Fn','0','97'
'1','102','22740992','Left Windows','0','98'
'1','103','0','Light 104'
'1','104','10747904','Alt','0','99'
'1','106','2097152','Space','0','100','0','101','0','102','0','103','0','104'
'1','107','0','Light 108'
'1','109','0','Win lock','0','106'
'1','11','0','F11','0','27'
'1','111','27590656','Right Alt','0','105'
'1','112','27459584','Right Ctrl','0','107','0','108'
'1','114','19267584','Up','0','94'
'1','12','8847360','F12','0','28'
'1','13','19136512','Home','0','29'
'1','133','19202048','Left','0','109'
'1','134','19398656','Down','0','110'
'1','135','19333120','Right','0','111'
'1','14','19070976','End','0','30'
'1','15','19791872','Delete','0','31'
'1','16','0','Mute','0','63'
'1','17','28180480','Vol down','0','95'
'1','18','28246016','Vol up','0','79'
'1','19','0','Mic Mute','0','47'
'1','2','0','F2','0','18'
'1','20','12582912','`','0','32'
'1','21','3211264','1','0','33'
'1','22','3276800','2','0','34'
'1','23','3342336','3','0','35'
'1','24','3407872','4','0','36'
'1','25','3473408','5','0','37'
'1','26','3538944','6','0','38'
'1','27','3604480','7','0','39'
'1','28','3670016','8','0','40'
'1','29','3735552','9','0','41'
'1','3','0','F3','0','19'
'1','30','3145728','0','0','42'
'1','31','12386304','-','0','43'
'1','32','12255232','=','0','44'
'1','34','524288','Backspace','0','45','0','46'
'1','35','524288','Backspace'
'1','4','0','F4','0','20'
'1','40','589824','Tab','0','48'
'1','42','5308416','Q','0','49'
'1','43','5701632','W','0','50'
'1','44','4521984','E','0','51'
'1','45','5373952','R','0','52'
'1','46','5505024','T','0','53'
'1','47','5832704','Y','0','54'
'1','48','5570560','U','0','55'
'1','49','4784128','I','0','56'
'1','5','0','F5','0','21'
'1','50','5177344','O','0','57'
'1','51','5242880','P','0','58'
'1','52','14352384','[','0','59'
'1','53','14483456',']','0','60'
'1','55','14417920','\','0','61','0','62'
'1','6','0','F6','0','22'
'1','60','1310720','Caps Lock','0','64','0','65'
'1','61','1310720','Caps Lock'
'1','62','4259840','A','0','66'
'1','63','5439488','S','0','67'
'1','64','4456448','D','0','68'
'1','65','4587520','F','0','69'
'1','66','4653056','G','0','70'
'1','67','4718592','H','0','71'
'1','68','4849664','J','0','72'
'1','69','4915200','K','0','73'
'1','7','0','F7','0','23'
'1','70','4980736','L','0','74'
'1','71','12189696',';','0','75'
'1','72','14548992',''','0','76'
'1','74','851968','Enter','0','77','0','78'
'1','8','5242880','F8','0','24'
'1','80','10485760','Shift','0','80','0','81'
'1','81','10485760','Shift'
'1','83','5898240','Z','0','82'
'1','84','5767168','X','0','83'
'1','85','4390912','C','0','84'
'1','86','5636096','V','0','85'
'1','87','4325376','B','0','86'
'1','88','5111808','N','0','87'
'1','89','5046272','M','0','88'
'1','9','4915200','F9','0','25'
'1','90','12320768',',','0','89'
'1','91','12451840','.','0','90'
'1','92','12517376','/','0','91'
'1','94','27328512','Right shift','0','92','0','93'
'3','Alienware m18R1'
'2','0','20','8','Main'
'2','1','5','5','Back'
'0','6268','1361','m18 Tron lights'
'1','0','0','Tron Bottom','1','20','1','21','1','22','1','23','1','24'
'1','1','0','Tron Top','1','15','1','16','1','17','1','18','1','19'
'1','2','0','Logo','1','7'
'1','4','1','Power Button','0','39'
'0','3426','47792','m18 RGB keyboard'
'1','0','1769472','Esc','0','40'
'1','1','7340032','F1','0','41'
'1','2','7405568','F2','0','42'
'1','3','7471104','F3','0','43'
'1','4','7536640','F4','0','44'
'1','5','7602176','F5','0','45'
'1','6','7667712','F6','0','46'
'1','7','7733248','F7','0','47'
'1','8','7798784','F8','0','48'
'1','9','7864320','F9','0','49'
'1','10','7929856','F10','0','50'
'1','11','7995392','F11','0','51'
'1','12','8060928','F12','0','52'
'1','13','19136512','Home','0','53'
'1','14','19070976','End','0','54'
'1','15','19791872','Delete','0','55'
'1','16','0','Mute','0','56'
'1','17','28180480','Vol down','0','57'
'1','18','28246016','Vol up','0','58'
'1','19','0','Mic Mute','0','59'
'1','20','12582912','`','0','61'
'1','21','3211264','1','0','62'
'1','22','3276800','2','0','63'
'1','23','3342336','3','0','64'
'1','24','3407872','4','0','65'
'1','25','3473408','5','0','66'
'1','26','3538944','6','0','67'
'1','27','3604480','7','0','68'
'1','28','3670016','8','0','69'
'1','29','3735552','9','0','70'
'1','30','3145728','0','0','71'
'1','31','12386304','-','0','72'
'1','32','12255232','=','0','73'
'1','34','524288','Backspace','0','74','0','75'
'1','35','524288','Backspace'
'1','36','26214400','Num Lock','0','76'
'1','37','24051712','Num /','0','77'
'1','38','6946816','Num *','0','78'
'1','39','7143424','Num -','0','79'
'1','40','589824','Tab','0','80'
'1','42','5308416','Q','0','83'
'1','43','5701632','W','0','84'
'1','44','4521984','E','0','85'
'1','45','5373952','R','0','86'
'1','46','5505024','T','0','87'
'1','47','5832704','Y','0','88'
'1','48','5570560','U','0','89'
'1','49','4784128','I','0','90'
'1','50','5177344','O','0','91'
'1','51','5242880','P','0','92'
'1','52','14352384','[','0','93'
'1','53','14483456',']','0','94'
'1','55','14417920','\','0','95'
'1','56','6750208','Num 7','0','96'
'1','57','6815744','Num 8','0','97'
'1','58','6881280','Num 9','0','98'
'1','59','7012352','Num +'
'1','60','1310720','Caps Lock','0','100','0','101'
'1','61','1310720','Caps Lock'
'1','62','4259840','A','0','103'
'1','63','5439488','S','0','104'
'1','64','4456448','D','0','105'
'1','65','4587520','F','0','106'
'1','66','4653056','G','0','107'
'1','67','4718592','H','0','108'
'1','68','4849664','J','0','109'
'1','69','4915200','K','0','110'
'1','70','4980736','L','0','111'
'1','71','12189696',';','0','112'
'1','72','14548992',''','0','113'
'1','74','851968','Enter','0','114','0','115'
'1','76','6553600','Num 4','0','116'
'1','77','6619136','Num 5','0','117'
'1','78','6684672','Num 6','0','118'
'1','79','7012352','Num +','0','99','0','119'
'1','80','10485760','Shift','0','120','0','121'
'1','81','10485760','Shift'
'1','83','5898240','Z','0','123'
'1','84','5767168','X','0','124'
'1','85','4390912','C','0','125'
'1','86','5636096','V','0','126'
'1','87','4325376','B','0','127'
'1','88','5111808','N','0','128'
'1','89','5046272','M','0','129'
'1','90','12320768',',','0','130'
'1','91','12451840','.','0','131'
'1','92','12517376','/','0','132'
'1','94','27328512','Right Shift','0','133','0','134'
'1','96','6356992','Num 1','0','136'
'1','97','6422528','Num 2','0','137'
'1','98','6488064','Num 3','0','138'
'1','99','17629184','Num Enter'
'1','100','10616832','Ctrl','0','140','0','141'
'1','101','0','Fn','0','142'
'1','102','22740992','Left Windows','0','143'
'1','103','0','Light 104'
'1','104','10747904','Alt','0','144'
'1','106','2097152','Space','0','145','0','146','0','147','0','148','0','149'
'1','107','0','Light 108'
'1','109','0','Win lock','0','151'
'1','111','27590656','Right Alt','0','150'
'1','112','27459584','Right Ctrl','0','152','0','153'
'1','114','19267584','Up','0','135'
'1','133','19202048','Left','0','154'
'1','134','19398656','Down','0','155'
'1','135','19333120','Right','0','156'
'1','117','6291456','Num 0','0','157'
'1','118','7208960','Num Del','0','158'
'1','119','17629184','Num Enter','0','139','0','159'
'3','Alienware m16R2 (US)'
'2','0','18','8','Main'
'2','1','18','8','Grid #1'
'0','6268','1361','m16 Tron lights'
'1','0','0','haptic','1','79','1','80','1','81','1','97','1','98','1','99'
'1','2','0','back','1','7','1','8','1','9'
'1','4','1','Power','1','43','1','44','1','45'
'0','3426','53937','m16 RGB keyboard'
'1','0','1769472','ESC','0','19'
'1','1','7340032','F1','0','20'
'1','2','0','F2','0','21'
'1','3','0','F3','0','22'
'1','4','0','F4','0','23'
'1','5','0','F5','0','24'
'1','6','0','F6','0','25'
'1','7','0','F7','0','26'
'1','8','5242880','F8','0','27'
'1','9','4915200','F9','0','28'
'1','10','7929856','F10','0','29'
'1','11','7995392','F11','0','30'
'1','12','8847360','F12','0','31'
'1','13','19136512','Home','0','32'
'1','14','19070976','End','0','33'
'1','15','19791872','Delete','0','34'
'1','16','0','Mute','0','70'
'1','17','28180480','Vol down','0','106'
'1','18','28246016','Vol up','0','88'
'1','19','0','Mic Mute','0','52'
'1','20','12582912','`','0','37'
'1','21','3211264','1','0','38'
'1','22','3276800','2','0','39'
'1','23','3342336','3','0','40'
'1','24','3407872','4','0','41'
'1','25','3473408','5','0','42'
'1','26','3538944','6','0','43'
'1','27','3604480','7','0','44'
'1','28','3670016','8','0','45'
'1','29','3735552','9','0','46'
'1','30','3145728','0','0','47'
'1','31','12386304','-','0','48'
'1','32','12255232','=','0','49'
'1','34','524288','Backspace','0','50','0','51'
'1','40','589824','Tab','0','55'
'1','42','5308416','Q','0','56'
'1','43','5701632','W','0','57'
'1','44','4521984','E','0','58'
'1','45','5373952','R','0','59'
'1','46','5505024','T','0','60'
'1','47','5832704','Y','0','61'
'1','48','5570560','U','0','62'
'1','49','4784128','I','0','63'
'1','50','5177344','O','0','64'
'1','51','5242880','P','0','65'
'1','52','14352384','[','0','66'
'1','53','14483456',']','0','67'
'1','55','14417920','\','0','68','0','69'
'1','60','1310720','Caps Lock','0','73','0','74'
'1','62','4259840','A','0','75'
'1','63','5439488','S','0','76'
'1','64','4456448','D','0','77'
'1','65','4587520','F','0','78'
'1','66','4653056','G','0','79'
'1','67','4718592','H','0','80'
'1','68','4849664','J','0','81'
'1','69','4915200','K','0','82'
'1','70','4980736','L','0','83'
'1','71','12189696',';','0','84'
'1','72','14548992',''','0','85'
'1','74','851968','Enter','0','86','0','87'
'1','80','10485760','Shift','0','91','0','92'
'1','83','5898240','Z','0','93'
'1','84','5767168','X','0','94'
'1','85','4390912','C','0','95'
'1','86','5636096','V','0','96'
'1','87','4325376','B','0','97'
'1','88','5111808','N','0','98'
'1','89','5046272','M','0','99'
'1','90','12320768',',','0','100'
'1','91','12451840','.','0','101'
'1','92','12517376','/','0','102'
'1','94','27328512','Right shift','0','103','0','104'
'1','100','10616832','Ctrl','0','109'
'1','101','2','Fn','0','110'
'1','102','22740992','Left Windows','0','111'
'1','104','10747904','Alt','0','112'
'1','106','2097152','Space','0','113','0','114','0','115','0','116','0','117'
'1','109','0','Win lock','0','119'
'1','111','27590656','Right Alt','0','118'
'1','112','27459584','Right Ctrl','0','120','0','121'
'1','114','19267584','Up','0','105'
'1','133','19202048','Left','0','122'
'1','134','19398656','Down','0','123'
'1','135','19333120','Right','0','124'
